"Player","Team","Experience","Minutes","Pace","PTS","AST","DREB","OREB","BLK","STL","TOV","FGA","FTA","FG3A","RimFGA","PF","date_of_projection"
"Luka Doncic","Dallas Mavericks","Vet",37.9,100.4,32.2,9.5,8.2,0.7,0.6,1.4,4.1,23.6,9.9,10.4,3.8,2,2024-02-12
"Jalen Brunson","New York Knicks","Vet",36,96.2,29.8,6.2,3.2,0.5,0.2,0.9,2.4,21.7,6.8,6.3,3.8,2,2024-02-12
"Giannis Antetokounmpo","Milwaukee Bucks","Vet",33.9,101.6,28.9,6.5,9.6,2.4,1,1.2,3.8,17.8,9.6,1.7,8.9,2.9,2024-02-12
"Shai Gilgeous-Alexander","Oklahoma City Thunder","Vet",34.7,99.4,28.5,6.2,4.2,0.9,0.9,1.8,2.6,19.2,9.1,3.5,5.8,2.3,2024-02-12
"Donovan Mitchell","Cleveland Cavaliers","Vet",34.9,97.4,28.2,6.4,4.1,0.8,0.5,1.6,2.9,19.8,5.2,9.6,4.3,2,2024-02-12
"Devin Booker","Phoenix Suns","Vet",35.8,98.7,27.9,6.1,3.7,0.6,0.4,1,2.3,19.6,6.3,6.5,2.7,2.8,2024-02-12
"Stephen Curry","Golden State Warriors","Vet",33.1,100.8,27.9,5.1,4,0.4,0.4,0.9,2.6,20.1,4.3,11.4,1.8,1.8,2024-02-12
"Jayson Tatum","Boston Celtics","Vet",35.6,98.2,26.6,5.3,7.4,0.8,0.7,1,2.6,19.2,6.3,8.4,4.3,1.9,2024-02-12
"Nikola Jokic","Denver Nuggets","Vet",34.6,96.5,26.4,8.2,9,2.9,0.9,1.2,3.1,17.6,5.5,2.7,5.1,2.5,2024-02-12
"Trae Young","Atlanta Hawks","Vet",36.5,102.5,26.3,11.5,2.5,0.4,0.3,1.3,3.9,18.7,7.1,9,2.4,1.8,2024-02-12
"Anthony Edwards","Minnesota Timberwolves","Vet",35.7,95.5,25.9,5.4,4.3,0.5,0.6,1.2,3.1,19.1,6,7.1,4.5,1.9,2024-02-12
"Kyrie Irving","Dallas Mavericks","Vet",34.5,99.3,25.6,5.8,4.2,0.7,0.5,1.2,1.9,19.2,3.7,7,3.5,2,2024-02-12
"Kevin Durant","Phoenix Suns","Vet",36.2,99.7,25.4,5.4,6.3,0.5,1.3,0.8,2.7,18.2,4.8,5.6,2,1.7,2024-02-12
"Tyrese Maxey","Philadelphia 76ers","Vet",36.4,97.7,25.1,6,3.1,0.4,0.4,1,1.9,19.8,5.4,8.1,5.6,2,2024-02-12
"Jaren Jackson Jr.","Memphis Grizzlies","Vet",32.7,98.6,25,2.9,4.4,1.3,1.7,1.1,2.6,19,6.5,6.5,5,3.4,2024-02-12
"Damian Lillard","Milwaukee Bucks","Vet",34.8,102,24.5,6.7,3.5,0.5,0.3,0.9,2.5,17.5,7.2,8.3,3.8,1.6,2024-02-12
"Lauri Markkanen","Utah Jazz","Vet",34,100.2,24.4,2.4,6.4,2.2,0.4,0.8,1.5,17,5,8.4,3.5,1.8,2024-02-12
"Anthony Davis","Los Angeles Lakers","Vet",35.6,101.3,24.3,4.1,9.4,3,2.4,1.2,2.2,17.6,6.6,1.5,7.1,2.3,2024-02-12
"LeBron James","Los Angeles Lakers","Vet",36.2,100.6,24.1,8,6.5,1,0.7,1.2,3.1,18.2,5.3,5.3,6.9,1.4,2024-02-12
"Kawhi Leonard","Los Angeles Clippers","Vet",33.8,97,24,4,4.9,1.1,0.8,1.5,1.7,16.8,4.4,5.5,3.2,1.5,2024-02-12
"De'Aaron Fox","Sacramento Kings","Vet",34.5,101,23.8,5.2,3,0.7,0.4,1.5,2.3,18.3,5.3,7.1,3.2,2.3,2024-02-12
"DeMar DeRozan","Chicago Bulls","Vet",38.5,95.2,22.9,5.3,3.7,0.5,0.6,1.1,1.8,16.5,6.6,3,3.1,2.1,2024-02-12
"Karl-Anthony Towns","Minnesota Timberwolves","Vet",32.8,95.8,22.7,3.1,6.6,1.4,0.7,0.7,2.5,16,4.5,6.2,4.6,3,2024-02-12
"Kyle Kuzma","Washington Wizards","Vet",33.5,101.7,22.2,4.4,5.7,0.9,0.7,0.6,2.3,18.3,2.8,7.3,3.4,2.2,2024-02-12
"Paolo Banchero","Orlando Magic","Sophomore",35.1,97.1,22.1,5.6,5.8,1,0.5,1,2.9,17.2,7.3,4.6,4.4,1.9,2024-02-12
"Pascal Siakam","Indiana Pacers","Vet",34,99.3,22,4.8,5,1.6,0.4,0.9,2,15.7,5,3.9,5.1,2.4,2024-02-12
"Collin Sexton","Utah Jazz","Vet",29.2,100.7,22,5.9,2,0.9,0.2,0.8,2.8,16,5.6,5.3,4.1,2.2,2024-02-12
"Dejounte Murray","Atlanta Hawks","Vet",35.9,101.1,22,5.5,4.7,0.6,0.2,1.4,2.3,17.7,3.7,6.6,4.2,1.6,2024-02-12
"Brandon Ingram","New Orleans Pelicans","Vet",34.2,96.6,21.8,6.2,4.5,0.7,0.6,0.7,2.5,16.9,5,3.9,2.9,2.2,2024-02-12
"Jerami Grant","Portland Trail Blazers","Vet",35.2,96.3,21.7,3.2,3.3,0.8,0.7,0.7,2.2,16.7,6.7,4.7,4.6,2.2,2024-02-12
"Franz Wagner","Orlando Magic","Vet",34.1,97,21.6,4.3,4.2,1,0.4,1,2.2,16.6,4.5,6.1,5.4,2.2,2024-02-12
"Miles Bridges","Charlotte Hornets","Vet",36.2,98.1,21.6,3.8,5.8,0.9,0.6,0.9,1.9,17.3,3.2,6.8,5.4,1.8,2024-02-12
"Cam Thomas","Brooklyn Nets","Vet",31.1,98.2,21.3,3,2.7,0.4,0.2,0.7,2,17,4.5,5.9,2.6,1.9,2024-02-12
"Jalen Green","Houston Rockets","Vet",33.3,99.1,21.2,4.3,4.7,0.5,0.3,0.8,2.5,17.6,4.9,7.2,4.6,1.3,2024-02-12
"Cade Cunningham","Detroit Pistons","Vet",33.2,99.3,21,7.6,3.7,0.4,0.4,1,3.2,17,4.1,4.5,4.3,2.4,2024-02-12
"Coby White","Chicago Bulls","Vet",37.9,95.3,20.9,5.7,4.3,0.5,0.2,0.8,2.5,16.3,3.8,7.5,3.9,2.1,2024-02-12
"Victor Wembanyama","San Antonio Spurs","Rookie",27.8,100.7,20.8,3.3,7.4,1.9,2.7,0.9,3.1,15.9,4.9,5.2,4.6,2.1,2024-02-12
"Jamal Murray","Denver Nuggets","Vet",32.6,96.2,20.8,6.4,3.3,0.6,0.5,1,2.1,16.5,3,6.5,3,1.8,2024-02-12
"Kristaps Porzingis","Boston Celtics","Vet",30.2,99.9,20.7,2.2,5.8,1.5,1.6,0.7,1.6,13.8,5.7,5.2,3.6,2.8,2024-02-12
"Paul George","Los Angeles Clippers","Vet",32,97.4,20.6,3.5,4.4,0.6,0.4,1.4,1.9,16,3.3,7.9,2.3,2.5,2024-02-12
"Mikal Bridges","Brooklyn Nets","Vet",35,97.8,20.5,3.6,3.8,0.6,0.4,1,1.7,16.1,3.6,8.1,2.8,1.3,2024-02-12
"Jaylen Brown","Boston Celtics","Vet",32.9,99.2,20.2,3.7,4.5,1.2,0.5,1,2.3,15.5,3.7,4.8,4.2,2.3,2024-02-12
"Devin Vassell","San Antonio Spurs","Vet",33.3,99.7,20.1,4,3.5,0.3,0.3,1.1,1.6,15.9,3.2,6.9,3,1,2024-02-12
"D'Angelo Russell","Los Angeles Lakers","Vet",34.2,102.1,19.9,6.4,2.5,0.4,0.5,1,2.1,15.5,2.7,8,2.1,2,2024-02-12
"Jaden Ivey","Detroit Pistons","Sophomore",33.5,99.6,19.9,4.9,3,1.2,0.5,0.8,2.8,15.4,4.5,5.7,4.2,3,2024-02-12
"Scottie Barnes","Toronto Raptors","Vet",35,98,19.7,6.3,5.3,2.1,1.3,1.1,2.6,15,4.4,4.3,4.6,2,2024-02-12
"RJ Barrett","Toronto Raptors","Vet",33.6,97.9,19.7,3.4,4.7,1,0.4,0.6,2,14.4,5.2,3.9,6.3,2.2,2024-02-12
"Jonathan Kuminga","Golden State Warriors","Vet",31.4,99.8,19.2,2.7,4.1,1.4,0.5,0.9,2.1,13.9,4.6,2.5,5.6,2.5,2024-02-12
"Domantas Sabonis","Sacramento Kings","Vet",36,99.5,19.1,8.3,9.9,3.3,0.5,0.9,3.2,12.5,4.5,1.7,6.5,3,2024-02-12
"Nikola Vucevic","Chicago Bulls","Vet",35.3,96,19.1,3.7,8.4,2.4,0.9,0.8,1.5,16.4,1.6,4.7,3.5,2.3,2024-02-12
"Jordan Clarkson","Utah Jazz","Vet",31.6,98.6,18.9,5.1,2.6,0.9,0.1,0.7,2.5,15.8,3.4,6.3,2.2,1.5,2024-02-12
"Jalen Williams","Oklahoma City Thunder","Sophomore",32.3,99.8,18.8,5,3.6,0.7,0.5,1.2,1.8,14.6,2.9,4,4.1,2.3,2024-02-12
"CJ McCollum","New Orleans Pelicans","Vet",32,97.2,18.7,4.6,3.5,0.5,0.6,0.9,1.5,14.5,2,8.2,1.5,2,2024-02-12
"Bradley Beal","Phoenix Suns","Vet",32.3,99.4,18.5,4.7,3.2,0.8,0.3,0.9,2.1,14.2,2.8,4.7,3.2,2.2,2024-02-12
"Tyrese Haliburton","Indiana Pacers","Vet",29.4,101.6,18.4,8.9,2.8,0.5,0.6,1.2,2,13.9,3,7,2.4,1,2024-02-12
"Donte DiVincenzo","New York Knicks","Vet",33,96.5,18.4,3.5,3.3,0.9,0.4,1.5,1.6,14.5,1.9,9.7,2.8,2.2,2024-02-12
"Tyler Herro","Miami Heat","Vet",31.1,97,18.4,4.1,4.2,0.4,0.2,0.7,1.8,15.4,1.7,7.7,1.3,1.2,2024-02-12
"Brandon Miller","Charlotte Hornets","Rookie",31.7,97.5,18.3,2.4,3.4,0.7,0.5,0.8,1.7,15,2.4,7,2.3,2.4,2024-02-12
"Tobias Harris","Philadelphia 76ers","Vet",33.6,97.3,18.1,3.5,5,1,0.5,0.9,1.6,13.9,3.1,3.4,4,1.6,2024-02-12
"Bam Adebayo","Miami Heat","Vet",32.7,96.2,17.9,3.8,7.9,2.2,0.9,1,2.2,13.8,5.3,0.3,4.1,2.4,2024-02-12
"James Harden","Los Angeles Clippers","Vet",34.2,96.7,17.2,8.2,4.7,0.5,0.7,1.2,2.6,11.3,4.1,6.8,1.8,1.9,2024-02-12
"Myles Turner","Indiana Pacers","Vet",28,100,17,1.6,5.6,1.5,1.6,0.6,1.4,12.3,4.1,4.2,3.5,3.1,2024-02-12
"Kelly Oubre Jr.","Philadelphia 76ers","Vet",33.6,98.3,17,1.7,3.9,1.3,0.6,1.2,1.2,13.5,3.7,5.2,5,2.9,2024-02-12
"Immanuel Quickley","Toronto Raptors","Vet",31.1,97.3,16.9,4.9,3,0.4,0.1,0.8,1.5,13.1,3.2,6.2,1.5,1.7,2024-02-12
"Austin Reaves","Los Angeles Lakers","Vet",32.4,100.6,16.6,5.6,2.9,0.6,0.2,0.8,1.9,11.8,3.6,5.3,2.5,1.9,2024-02-12
"John Collins","Utah Jazz","Vet",29.4,99.9,16.6,1.6,6.3,2.2,0.9,0.6,1.4,12.6,3,3.5,4.9,2.7,2024-02-12
"Jalen Johnson","Atlanta Hawks","Vet",35.6,102.2,16.3,3.8,7.4,1.3,0.9,1.3,1.9,12.7,2.7,3.8,5,2.6,2024-02-12
"Klay Thompson","Golden State Warriors","Vet",29.9,100.5,16.3,2.3,2.9,0.3,0.5,0.6,1.2,13.6,1.5,8,1,1.7,2024-02-12
"Jarrett Allen","Cleveland Cavaliers","Vet",31,97.3,16,2.5,7.4,3.4,1.3,0.7,1.7,11,4,0.4,6.2,2.1,2024-02-12
"Jordan Poole","Washington Wizards","Vet",29.7,103.2,15.9,3.9,2.2,0.4,0.4,0.9,1.9,13.2,2.6,6.3,2.2,2.9,2024-02-12
"Darius Garland","Cleveland Cavaliers","Vet",29.2,96.6,15.8,5.8,1.9,0.3,0.1,1.1,2.4,12.4,2.9,4.8,2.6,1.4,2024-02-12
"Terry Rozier","Miami Heat","Vet",29.1,97.3,15.6,5.3,2.9,0.5,0.3,0.9,1.5,13.3,2.5,5.6,2.6,1.6,2024-02-12
"Saddiq Bey","Atlanta Hawks","Vet",33.7,101.4,15.5,1.8,4.1,2.2,0.2,0.9,0.9,11.6,3.3,6.1,3.5,1.6,2024-02-12
"Chet Holmgren","Oklahoma City Thunder","Sophomore",29,99.3,15.3,2.5,5.6,1.4,2.4,0.6,1.4,11,2.8,4.5,3.4,2.2,2024-02-12
"Bogdan Bogdanovic","Atlanta Hawks","Vet",27.6,101,15.2,2.7,2.6,0.5,0.3,1,1,12.3,1.5,6.9,1.7,2,2024-02-12
"Dillon Brooks","Houston Rockets","Vet",32,98.1,15.2,2,2.7,0.6,0.2,0.9,1.4,12,2.3,5.7,2.5,3.3,2024-02-12
"Tim Hardaway Jr.","Dallas Mavericks","Vet",26.5,100.5,15.1,1.6,2.8,0.3,0.1,0.5,0.7,11.7,2.2,7.2,1.3,1.4,2024-02-12
"Deandre Ayton","Portland Trail Blazers","Vet",31.7,95.3,15.1,1.9,7.2,2.8,0.9,0.7,1.6,12.3,1.7,0.3,4,2.3,2024-02-12
"Bennedict Mathurin","Indiana Pacers","Sophomore",25.7,101,14.8,1.9,2.9,0.9,0.3,0.6,1.6,11,4.1,3.2,3.5,1.8,2024-02-12
"Keyonte George","Utah Jazz","Rookie",29,98.8,14.8,5.1,2.8,0.3,0.1,0.7,2.1,12,3.5,6.3,1.5,1.3,2024-02-12
"Deni Avdija","Washington Wizards","Vet",30.8,103.2,14.7,4,6.4,1,0.5,0.9,2.1,10.9,3.4,3.2,4,2.7,2024-02-12
"Bojan Bogdanovic","New York Knicks","Vet",26,98.1,14.5,2,2.4,0.4,0.2,0.5,1.3,10.8,2.7,5.7,1.3,1.7,2024-02-12
"Keldon Johnson","San Antonio Spurs","Vet",25.5,100.2,14.5,2.2,3.4,1,0.3,0.6,1.3,11.4,3,4.6,3.6,1.9,2024-02-12
"Evan Mobley","Cleveland Cavaliers","Vet",28,97.6,14.3,2.6,6.4,2.2,1.2,0.7,1.7,10.5,2.5,1.6,4.9,2.3,2024-02-12
"Buddy Hield","Philadelphia 76ers","Vet",31.2,98.2,14.3,3.3,3.3,0.7,0.5,1,1.5,11.5,1.1,7.7,2,2.1,2024-02-12
"Aaron Nesmith","Indiana Pacers","Vet",31.1,99.6,14.3,2,3.4,1.1,0.6,1.1,1.1,10.3,2.2,5.4,2.9,3.3,2024-02-12
"Jalen Duren","Detroit Pistons","Sophomore",30.8,99.2,14.1,2.5,8.5,3.4,0.8,0.6,1.8,9.9,2.6,0.3,5.8,3,2024-02-12
"Malik Monk","Sacramento Kings","Vet",23.4,100,14,4.6,2.3,0.3,0.4,0.6,1.8,11,2.6,5.4,2.3,1.7,2024-02-12
"Derrick White","Boston Celtics","Vet",31.6,99.8,13.9,4.3,3,0.6,1.1,0.9,1.3,10.8,1.8,6.5,1.4,2.1,2024-02-12
"Keegan Murray","Sacramento Kings","Sophomore",30.9,100,13.9,1.9,4.1,1,0.6,0.9,0.7,10.8,1.2,5.5,2.1,2.3,2024-02-12
"Jabari Smith Jr.","Houston Rockets","Sophomore",32.5,97.4,13.9,1.6,6,1.9,0.8,0.7,1.2,11.4,2,4.9,2.3,2.4,2024-02-12
"Rudy Gobert","Minnesota Timberwolves","Vet",34.2,94.5,13.8,1.7,9,3.7,1.7,0.7,1.5,8,5.1,0.4,6.2,2.8,2024-02-12
"Tyus Jones","Washington Wizards","Vet",30.5,102.3,13.6,7.1,2.6,0.3,0.3,1.2,1.4,11.2,0.9,4.7,1.3,0.9,2024-02-12
"Brook Lopez","Milwaukee Bucks","Vet",31.1,102.1,13.5,1.8,4.2,1.6,2.4,0.6,0.9,10,1.5,5.1,2.9,2.4,2024-02-12
"Jonas Valanciunas","New Orleans Pelicans","Vet",24.4,96.3,13.4,2.1,7.4,2.7,0.8,0.4,1.5,9.5,2.8,1.3,3.9,2.7,2024-02-12
"Vince Williams Jr.","Memphis Grizzlies","Sophomore",32.7,98.8,13.4,3.8,5,1.4,0.6,1.1,2,9.9,2.8,5.4,2.7,2.7,2024-02-12
"GG Jackson","Memphis Grizzlies","Rookie",24.8,98.7,13.4,1.4,3.2,1.1,0.7,0.7,1.1,10.6,2.6,5.6,3.3,1.5,2024-02-12
"Jrue Holiday","Boston Celtics","Vet",31.7,97.7,13.2,4.7,3.8,1.1,0.5,1,1.7,9.9,1.1,5,1.8,1.5,2024-02-12
"Aaron Gordon","Denver Nuggets","Vet",30.9,96.4,13.1,2.8,3.8,2.3,0.7,0.7,1.2,8.9,3.3,2,5.5,1.9,2024-02-12
"Ayo Dosunmu","Chicago Bulls","Vet",32.5,95.6,12.8,3,2.5,0.6,0.5,1,1.3,10,1.3,4.8,3.3,2.4,2024-02-12
"Trey Murphy III","New Orleans Pelicans","Vet",27.2,96.5,12.7,1.6,2.9,0.5,0.4,0.8,0.5,10,1.7,7.1,1.5,1.4,2024-02-12
"Corey Kispert","Washington Wizards","Vet",24.1,100.6,12.7,1.9,2.4,0.3,0.2,0.4,1,9.7,1.6,6,2.1,1.4,2024-02-12
"Gary Trent Jr.","Toronto Raptors","Vet",27.1,97.4,12.5,1.5,2,0.2,0.1,1.1,0.6,10.2,0.8,6.2,0.9,1.2,2024-02-12
"Andrew Wiggins","Golden State Warriors","Vet",26.7,99.7,12.4,2,2.9,1.3,0.6,0.7,1.1,9.8,2,3.2,2.6,2.1,2024-02-12
"Bobby Portis","Milwaukee Bucks","Vet",23.1,100.1,12.4,1.1,5.4,1.7,0.3,0.6,0.8,10,1.4,3.4,2.3,2,2024-02-12
"Harrison Barnes","Sacramento Kings","Vet",27.9,100.9,12.4,1.3,2.2,0.7,0.2,0.6,0.7,9,2.3,5.2,1.7,1,2024-02-12
"Onyeka Okongwu","Atlanta Hawks","Vet",29.4,101.6,12.3,1.6,4.9,3,1.5,0.7,0.9,7.8,2.2,1.4,4.9,2.9,2024-02-12
"Santi Aldama","Memphis Grizzlies","Vet",28.6,97.3,12.2,2.5,5.1,1.2,0.6,0.7,1.1,10.2,1.3,5.6,2.3,1.6,2024-02-12
"Nicolas Claxton","Brooklyn Nets","Vet",29,97.1,12,1.8,7.6,2.7,2.2,0.7,1.2,8.8,2.7,0.4,5.5,2.3,2024-02-12
"Caris LeVert","Cleveland Cavaliers","Vet",22.8,97,11.9,3.7,2.4,0.5,0.3,0.8,1.4,9.6,2.1,4.1,2.3,1.5,2024-02-12
"P.J. Washington","Dallas Mavericks","Vet",24.9,99.6,11.9,1.8,3.5,0.9,0.6,0.7,1.1,9.7,1.9,4.6,2.6,2.1,2024-02-12
"Jeremy Sochan","San Antonio Spurs","Sophomore",28.7,99.7,11.8,3.2,4.1,1.8,0.5,0.7,1.5,9.8,1.8,3.2,3.4,2.1,2024-02-12
"Norman Powell","Los Angeles Clippers","Vet",22.3,98.9,11.7,1,2.2,0.2,0.3,0.6,0.7,8.6,1.9,4.6,1.4,1.5,2024-02-12
"Amen Thompson","Houston Rockets","Rookie",28.8,101.3,11.6,3.7,5.4,2.2,0.7,1.3,2.3,9,2.9,1.5,4.8,3,2024-02-12
"Malik Beasley","Milwaukee Bucks","Vet",28.8,101.9,11.5,1.6,2.9,0.6,0.1,0.7,0.7,8.9,0.4,7.1,0.5,1.8,2024-02-12
"Alec Burks","New York Knicks","Vet",19.8,98.9,11.5,1.6,2.2,0.3,0.2,0.6,0.7,8.8,2.5,5.4,0.7,1.4,2024-02-12
"Naz Reid","Minnesota Timberwolves","Vet",21.2,96.5,11.5,1.2,3.6,0.9,0.8,0.6,1.1,8.8,1.5,4.5,2.4,2,2024-02-12
"Jalen Suggs","Orlando Magic","Vet",26.3,98,11.4,2.4,2.4,0.6,0.5,1.2,1.4,9.2,1.5,5.4,1.8,2.4,2024-02-12
"Herbert Jones","New Orleans Pelicans","Vet",29.1,96.9,11.3,2.5,2.4,1.1,0.7,1.2,1,8.2,1.7,4.2,2.8,2.5,2024-02-12
"Tre Jones","San Antonio Spurs","Vet",27.7,100.4,11.2,6,2.5,0.7,0.2,1.1,1.5,8.3,1.8,2.5,3,1.2,2024-02-12
"Rui Hachimura","Los Angeles Lakers","Vet",25.3,100.2,11.2,1.2,3.2,0.8,0.3,0.6,0.7,8.2,1.5,3.1,2.6,1.4,2024-02-12
"Jakob Poeltl","Toronto Raptors","Vet",27.9,97.2,11.1,2.4,5.9,3.1,1.5,0.7,1.4,7.6,2,0.3,4.2,3,2024-02-12
"Wendell Carter Jr.","Orlando Magic","Vet",25.4,96.7,11.1,1.6,4.8,1.8,0.5,0.5,1.1,7.6,2.2,3,2.6,2.1,2024-02-12
"Josh Giddey","Oklahoma City Thunder","Vet",23.6,99.4,11.1,4.1,4.6,1.1,0.5,0.6,1.6,9.1,1.3,3.5,2.7,1.3,2024-02-12
"Jusuf Nurkic","Phoenix Suns","Vet",25.6,99.9,11,3.3,7,2.7,0.8,0.9,1.8,7.9,2.9,1.2,4.4,2.9,2024-02-12
"Jaden McDaniels","Minnesota Timberwolves","Vet",29.5,95.9,11,1.6,2.4,0.9,0.6,0.8,1.1,8.7,0.9,3.8,2.1,2.8,2024-02-12
"Andrew Nembhard","Indiana Pacers","Sophomore",27,98.4,11,5.2,1.7,0.6,0.2,0.9,1.7,9,1.1,2.7,2,2.1,2024-02-12
"Max Strus","Cleveland Cavaliers","Vet",29.3,97.5,10.8,3.2,3.4,0.7,0.3,0.7,1.1,9,1,6,2.1,2.1,2024-02-12
"Kevin Huerter","Sacramento Kings","Vet",24.8,99.9,10.7,2.4,2.7,0.6,0.4,0.7,0.8,8.6,0.7,5.5,1.6,2,2024-02-12
"Dennis Schroder","Brooklyn Nets","Vet",24.1,96.5,10.7,4.9,1.9,0.3,0.2,0.7,1.4,8.4,2.2,3.5,1.6,1.8,2024-02-12
"Russell Westbrook","Los Angeles Clippers","Vet",20,100.1,10.7,4.1,3.1,1.1,0.3,0.8,1.8,8.6,2.1,2.3,3.7,1.5,2024-02-12
"Grayson Allen","Phoenix Suns","Vet",30.9,99.4,10.6,2.8,3,0.6,0.4,0.8,1,7.2,1.3,4.8,1.6,1.8,2024-02-12
"Luguentz Dort","Oklahoma City Thunder","Vet",27.6,99.3,10.6,1.5,2.7,1.1,0.5,0.8,0.7,8.1,1.7,5.4,1.7,2.7,2024-02-12
"Precious Achiuwa","New York Knicks","Vet",31.7,94,10.6,1.7,5.4,3.1,1,0.8,1.2,8.3,1.6,1.9,4.4,2.4,2024-02-12
"Mike Conley","Minnesota Timberwolves","Vet",29.2,95.1,10.5,6.4,2.4,0.3,0.2,1,1.3,7.9,1.2,5.5,0.5,1.7,2024-02-12
"Daniel Gafford","Dallas Mavericks","Vet",22.8,101.6,10.3,1.2,4.4,2.6,1.7,0.6,0.9,6.7,2.9,0.2,4.3,2.8,2024-02-12
"Marvin Bagley III","Washington Wizards","Vet",18.3,100.9,10.2,1.1,3,2,0.6,0.3,1.1,7.2,2.3,0.6,3.7,1.7,2024-02-12
"Alex Caruso","Chicago Bulls","Vet",31.2,96.4,10.1,3.3,3.3,0.9,1.2,1.6,1.3,7.7,1.3,5,1.6,2.7,2024-02-12
"Jaime Jaquez Jr.","Miami Heat","Rookie",24.1,96.6,10,2,2.2,0.9,0.2,0.8,1.3,7.6,1.8,2.2,2.5,1.9,2024-02-12
"Duncan Robinson","Miami Heat","Vet",22.2,95.4,9.9,2.1,1.7,0.2,0.2,0.5,0.9,7.8,1,5.5,1.1,1.9,2024-02-12
"Nick Richards","Charlotte Hornets","Vet",27,97.2,9.9,1,5.7,2.7,1.4,0.3,1.1,6,2.8,0.3,4.1,2.6,2024-02-12
"Walker Kessler","Utah Jazz","Sophomore",26.4,98.6,9.8,1.3,5.7,3.1,2.5,0.5,1,6.3,1.7,0.4,4.9,2.3,2024-02-12
"Ivica Zubac","Los Angeles Clippers","Vet",23.3,96.8,9.8,1.2,5.5,2.6,1.1,0.3,1,6.4,2.1,0.3,3.8,2.4,2024-02-12
"Josh Green","Dallas Mavericks","Vet",27.8,99.3,9.7,2.5,2.6,0.6,0.1,0.8,1.1,7.4,1.1,3.9,2,2,2024-02-12
"Paul Reed","Philadelphia 76ers","Vet",25.2,96.4,9.6,1.7,4.7,2.9,1.1,1.1,1,7.7,1.2,1.1,3.3,2.7,2024-02-12
"Luke Kennard","Memphis Grizzlies","Vet",22.7,97.8,9.5,2.7,2.3,0.3,0.1,0.5,0.9,7.2,0.9,5.4,0.5,1.2,2024-02-12
"Brandin Podziemski","Golden State Warriors","Rookie",26,99.1,9.4,3.8,4,1.3,0.2,0.8,1.2,7.9,1.2,2.8,2,1.8,2024-02-12
"Cameron Payne","Philadelphia 76ers","Vet",21.2,97.9,9.4,3.5,1.8,0.2,0.2,0.7,1.2,7.6,1.2,4.2,1,1.8,2024-02-12
"Bilal Coulibaly","Washington Wizards","Rookie",27.6,100.9,9.3,2,3.1,0.9,0.6,0.9,1.4,7.2,2,3.1,2.6,2,2024-02-12
"Cole Anthony","Orlando Magic","Vet",18.6,95.3,9.1,2.5,2.7,0.6,0.3,0.5,1.2,7.2,2.1,2.4,1.3,1.8,2024-02-12
"Jimmy Butler","Miami Heat","Vet",15.1,97,9,2.3,1.7,0.8,0.2,0.7,0.7,5.9,3.2,1.2,1.8,0.5,2024-02-12
"Josh Hart","New York Knicks","Vet",31.9,95.5,9,3.7,6.2,1.4,0.3,0.9,1.4,7.6,1.2,3.3,2.4,1.9,2024-02-12
"Caleb Martin","Miami Heat","Vet",24.4,96.6,9,1.9,3.1,1,0.3,0.8,0.9,7.2,1,3,1.9,1.7,2024-02-12
"Andre Drummond","Chicago Bulls","Vet",18,94.7,8.9,0.8,5.1,2.6,0.7,0.9,1.2,6.2,2.8,0.2,4.3,2,2024-02-12
"T.J. McConnell","Indiana Pacers","Vet",19.3,100.9,8.9,6,2.3,0.6,0.2,1.1,1.6,7.4,1.2,0.5,2.2,1.3,2024-02-12
"Jeff Green","Houston Rockets","Vet",24.8,97.8,8.9,1.4,2.6,0.8,0.5,0.4,0.9,6.3,2.4,2.7,1.8,2.1,2024-02-12
"Obi Toppin","Indiana Pacers","Vet",19,101.5,8.8,1.4,2.5,0.9,0.4,0.4,0.7,6.1,1.1,2.8,2.5,1.5,2024-02-12
"Jabari Walker","Portland Trail Blazers","Sophomore",25.3,96.1,8.8,1.1,4.7,2,0.4,0.6,0.9,6.7,1.8,2.1,3.2,2.2,2024-02-12
"Spencer Dinwiddie","Los Angeles Lakers","Vet",23.9,97.9,8.7,4.3,1.9,0.3,0.2,0.6,1,7.1,2,3.9,1.2,1.4,2024-02-12
"Georges Niang","Cleveland Cavaliers","Vet",19.8,96,8.6,1.2,2.7,0.3,0.2,0.3,0.7,6.9,0.7,4.6,0.8,2,2024-02-12
"Isaac Okoro","Cleveland Cavaliers","Vet",24.5,96.9,8.5,1.6,1.9,0.9,0.4,0.8,0.8,6,2,2.7,2.6,2,2024-02-12
"Draymond Green","Golden State Warriors","Vet",27.2,100.6,8.4,6,5.2,1.2,0.8,0.9,2.1,6.4,1.4,2.4,2,2.9,2024-02-12
"Aaron Holiday","Houston Rockets","Vet",21.7,98.8,8.4,2.6,1.8,0.3,0.2,0.8,1,6.7,0.9,3.8,1,1.8,2024-02-12
"Derrick Jones Jr.","Dallas Mavericks","Vet",23.8,100.2,8.3,1.1,2.6,1.2,0.6,0.7,0.8,6.1,1.6,2.7,2.6,1.8,2024-02-12
"Ricky Council IV","Philadelphia 76ers","Rookie",15.4,101.6,8.3,0.9,1.7,1.1,0.2,0.4,0.7,6,3,1.5,2.5,1.3,2024-02-12
"Simone Fontecchio","Detroit Pistons","Sophomore",21.4,100.4,8.3,1.5,2.4,1,0.3,0.5,0.8,6.8,0.8,4.2,1.5,1.5,2024-02-12
"Eric Gordon","Phoenix Suns","Vet",21.9,98.3,8.2,1.5,1.5,0.2,0.3,0.5,0.7,6.3,0.7,4.5,1,1,2024-02-12
"Bruce Brown","Toronto Raptors","Vet",20.5,98.1,8.2,1.7,2.5,0.7,0.3,0.8,0.9,6.5,1.5,1.6,1.9,1.8,2024-02-12
"Reggie Jackson","Denver Nuggets","Vet",18.3,96.3,8.1,2.9,1.4,0.3,0.1,0.5,1,6.9,0.8,2.7,1.4,1.4,2024-02-12
"Markelle Fultz","Orlando Magic","Vet",20.1,97.7,8,3.2,2,0.8,0.3,0.9,1.2,6.6,0.9,0.4,2.9,1.4,2024-02-12
"Talen Horton-Tucker","Utah Jazz","Vet",13.5,99.8,7.9,2.6,1.5,0.4,0.2,0.5,1.1,6.7,1.8,2.2,1.9,1.2,2024-02-12
"Ausar Thompson","Detroit Pistons","Rookie",22,98.9,7.8,1.7,3.7,1.8,0.7,0.8,1,6.3,1.4,1.2,3.1,2.2,2024-02-12
"Jae Crowder","Milwaukee Bucks","Vet",25.2,100.4,7.8,1.9,3.3,0.6,0.3,0.9,0.6,6.4,0.7,4.1,0.4,1.8,2024-02-12
"Kris Dunn","Utah Jazz","Vet",24,100.9,7.7,5.4,2.9,0.7,0.5,1.3,1.5,6.5,0.7,2.6,1.2,2.3,2024-02-12
"Malcolm Brogdon","Portland Trail Blazers","Vet",14.8,96.7,7.6,2.6,1.7,0.3,0.1,0.3,0.8,6,1.3,2.5,1.5,0.8,2024-02-12
"Zach Collins","San Antonio Spurs","Vet",15.5,100.2,7.6,1.9,2.5,1.2,0.5,0.4,1.2,6.1,1.7,1.8,1.8,2.2,2024-02-12
"Taurean Prince","Los Angeles Lakers","Vet",22.7,100.6,7.5,1.3,2.2,0.2,0.3,0.7,0.7,5.6,0.7,3.6,0.8,1.8,2024-02-12
"Naji Marshall","New Orleans Pelicans","Vet",18.4,96.9,7.4,1.8,2.4,0.7,0.2,0.6,0.9,5.6,1.6,2,1.5,1.4,2024-02-12
"Terance Mann","Los Angeles Clippers","Vet",22.3,96.1,7.3,1.5,1.8,1,0.2,0.5,0.6,5.5,0.9,2.4,1.8,1.6,2024-02-12
"Kelly Olynyk","Toronto Raptors","Vet",16.2,97.8,7.1,3.2,2.9,1,0.3,0.5,1.4,4.8,1.8,1.5,1.5,2.1,2024-02-12
"Dorian Finney-Smith","Brooklyn Nets","Vet",24.1,96.2,7,1.4,2.6,1.2,0.5,0.7,0.7,6.3,0.3,4.6,1.2,1.9,2024-02-12
"Grant Williams","Charlotte Hornets","Vet",21,98.2,7,1.4,2.5,0.7,0.4,0.4,0.8,5.5,1,3.5,0.8,2.2,2024-02-12
"Jose Alvarado","New Orleans Pelicans","Vet",16.8,96.3,6.9,1.9,1.6,0.3,0.2,0.9,0.7,5.7,0.8,3.5,1,1.4,2024-02-12
"Dennis Smith Jr.","Brooklyn Nets","Vet",18.9,96.4,6.9,3.6,2.1,0.7,0.3,1,1.1,6,1.2,1.7,2.6,1.9,2024-02-12
"Kenyon Martin Jr.","Philadelphia 76ers","Vet",19.8,100.1,6.9,1.4,2.4,0.9,0.3,0.5,0.7,4.9,1.5,1.1,2.9,1.9,2024-02-12
"Peyton Watson","Denver Nuggets","Sophomore",17.8,95.9,6.9,1.1,2.1,0.6,0.8,0.5,0.6,5.5,1,2.3,1.8,1.6,2024-02-12
"Cameron Johnson","Brooklyn Nets","Vet",14.7,97.4,6.8,1.3,1.9,0.4,0.2,0.5,0.5,5.5,0.7,3.3,1,1,2024-02-12
"Jacob Gilyard","Memphis Grizzlies","Sophomore",21.7,97.3,6.8,4.4,1.3,0.1,0.1,0.9,1,5.4,0.3,4.4,0.2,1.2,2024-02-12
"Moritz Wagner","Orlando Magic","Vet",12.1,97.2,6.8,0.8,2,1,0.2,0.3,0.7,4.6,1.9,1,2.6,1.5,2024-02-12
"Trey Lyles","Sacramento Kings","Vet",17,99.3,6.7,1,3,0.8,0.3,0.3,0.5,4.8,0.9,3.6,0.9,1.2,2024-02-12
"Nickeil Alexander-Walker","Minnesota Timberwolves","Vet",21.5,96.2,6.7,2.4,1.5,0.3,0.4,0.7,0.8,5.4,0.7,3.6,0.8,1.7,2024-02-12
"De'Andre Hunter","Atlanta Hawks","Vet",13.4,100.1,6.7,0.8,1.5,0.3,0.1,0.3,0.6,4.9,1.2,2.4,1,1.2,2024-02-12
"Landry Shamet","Washington Wizards","Vet",14.4,99,6.6,1.3,1,0.3,0.2,0.4,0.5,5.6,0.9,3.1,1,1.4,2024-02-12
"Shaedon Sharpe","Portland Trail Blazers","Sophomore",13.6,97.5,6.6,1.2,1.5,0.4,0.2,0.4,0.8,5.8,1.3,2.5,1.6,1.1,2024-02-12
"Al Horford","Boston Celtics","Vet",22.4,97.4,6.5,2.2,4.3,0.9,0.9,0.5,0.5,5.1,0.3,3.6,0.8,1.4,2024-02-12
"Cody Martin","Charlotte Hornets","Vet",21.7,97,6.5,2.9,2.5,0.6,0.3,0.9,1.2,6.2,1,2.5,1.5,1.4,2024-02-12
"Julian Champagnie","San Antonio Spurs","Sophomore",18.9,99.6,6.5,1.3,2.4,0.7,0.5,0.6,0.6,5,0.8,3.4,0.9,1.3,2024-02-12
"Gradey Dick","Toronto Raptors","Rookie",17.7,98.9,6.5,1.4,1.7,0.5,0.1,0.6,0.7,5.4,0.9,3.5,1,1.5,2024-02-12
"Jalen Wilson","Brooklyn Nets","Rookie",19.1,96.5,6.4,1.5,2.1,1.1,0.2,0.5,0.6,5,1.1,2.2,1.4,1.6,2024-02-12
"Marcus Sasser","Detroit Pistons","Rookie",13.4,98.4,6.3,2.5,1.1,0.1,0.1,0.5,0.9,5.1,0.8,2.5,0.7,1.1,2024-02-12
"Amir Coffey","Los Angeles Clippers","Vet",18.4,99.6,6.3,0.9,1.4,0.3,0.2,0.4,0.4,4.3,1,2.3,0.9,1.3,2024-02-12
"Cedi Osman","San Antonio Spurs","Vet",15.5,100.4,6.3,1.4,1.9,0.3,0.2,0.4,0.4,4.6,0.7,3,1.2,1.3,2024-02-12
"Patrick Beverley","Milwaukee Bucks","Vet",16.2,96.2,6.1,2.8,1.9,0.4,0.3,0.5,1,4.8,1,2.2,0.8,1.6,2024-02-12
"Jaden Hardy","Dallas Mavericks","Sophomore",11.5,100.2,6,1.3,1.2,0.2,0.1,0.3,0.6,5.1,0.7,2.8,0.8,0.9,2024-02-12
"Gordon Hayward","Oklahoma City Thunder","Vet",13.2,97.9,5.9,1.8,1.5,0.3,0.2,0.4,0.8,4.7,1.1,1.2,1,0.8,2024-02-12
"Isaiah Jackson","Indiana Pacers","Vet",12,101.4,5.8,0.8,2.3,1.4,1,0.4,0.7,3.9,1.6,0.1,2.6,2,2024-02-12
"Sam Merrill","Cleveland Cavaliers","Vet",12,95.7,5.7,1.1,1.1,0.2,0,0.3,0.3,4.5,0.3,3.8,0.2,0.9,2024-02-12
"Jonathan Isaac","Orlando Magic","Vet",14.9,95.8,5.6,0.6,3,1.4,1.1,0.7,0.4,4.3,1.2,1.3,2.1,1.2,2024-02-12
"Dario Saric","Golden State Warriors","Vet",12.1,98,5.6,1.6,2.2,0.8,0.1,0.3,0.8,4.1,1,2.1,0.8,1.3,2024-02-12
"Kevin Love","Miami Heat","Vet",11.8,96.5,5.6,1.4,3.3,0.7,0.2,0.2,0.6,4.3,1.1,3,0.6,1.1,2024-02-12
"Lonnie Walker IV","Brooklyn Nets","Vet",10.2,98.7,5.6,0.8,0.9,0.1,0.1,0.3,0.5,4.6,0.6,2.7,0.9,0.7,2024-02-12
"Maxi Kleber","Dallas Mavericks","Vet",22.1,98.6,5.6,1.7,2.9,0.9,0.7,0.4,0.6,4.6,0.8,2.9,0.9,2,2024-02-12
"Torrey Craig","Chicago Bulls","Vet",18.6,95.6,5.6,1,2.5,1.1,0.5,0.5,0.5,4.6,0.5,3.1,1,2,2024-02-12
"Josh Richardson","Miami Heat","Vet",14.2,95.8,5.6,1.3,1.3,0.2,0.2,0.5,0.4,4.6,0.6,2.7,0.5,1,2024-02-12
"Isaiah Joe","Oklahoma City Thunder","Vet",13.5,99.7,5.5,0.9,1.3,0.3,0.2,0.4,0.4,4.2,0.6,3.1,0.4,0.9,2024-02-12
"Matisse Thybulle","Portland Trail Blazers","Vet",24.3,96.9,5.5,1.4,1.7,0.5,0.7,1.5,0.5,4.7,0.3,3.7,0.7,1.6,2024-02-12
"Gary Harris","Orlando Magic","Vet",18.7,95.9,5.5,1.3,1.1,0.3,0.2,0.6,0.4,4.5,0.6,2.9,0.7,1.4,2024-02-12
"Payton Pritchard","Boston Celtics","Vet",14,95.4,5.5,1.8,1.5,0.4,0.1,0.3,0.4,4.5,0.4,3.3,0.5,0.8,2024-02-12
"Kyle Anderson","Minnesota Timberwolves","Vet",19.2,96.7,5.5,3.4,2.4,0.8,0.5,0.8,1,4.3,1.1,0.4,1.2,1.4,2024-02-12
"Scoot Henderson","Portland Trail Blazers","Rookie",10.6,97.7,5.5,1.9,0.9,0.3,0.1,0.3,1.1,4.7,1.4,1.7,1.5,1.1,2024-02-12
"Larry Nance Jr.","New Orleans Pelicans","Vet",19.1,96.5,5.4,1.7,3.6,1.5,0.4,0.8,0.6,3.7,0.8,1.3,1.7,1.5,2024-02-12
"John Konchar","Memphis Grizzlies","Vet",27.4,97.4,5.4,2.5,4.3,1.6,1,1.1,0.8,4.5,0.5,2.4,1.9,1.8,2024-02-12
"Aaron Wiggins","Oklahoma City Thunder","Vet",13,97.4,5.4,0.9,1.4,0.5,0.1,0.4,0.5,3.8,0.6,1.9,1.5,1.1,2024-02-12
"Christian Braun","Denver Nuggets","Sophomore",15.5,96.4,5.4,1.1,1.9,0.7,0.3,0.4,0.5,4.1,1,1.6,1.6,1.2,2024-02-12
"Ben Simmons","Brooklyn Nets","Vet",17.6,99.3,5.3,4.2,3.6,1.3,0.5,0.8,1.5,3.9,0.8,0.2,2.3,1.8,2024-02-12
"Royce O'Neale","Phoenix Suns","Vet",15.9,98.6,5.2,1.7,2.4,0.5,0.3,0.5,0.6,4.3,0.3,3.6,0.5,1.7,2024-02-12
"Lester Quinones","Golden State Warriors","Sophomore",14.3,98.2,5.2,1.2,1.6,0.7,0.1,0.4,0.7,4.4,0.8,2.9,0.8,1.4,2024-02-12
"Toumani Camara","Portland Trail Blazers","Rookie",16.6,96.6,5.1,0.8,2.2,1.1,0.3,0.7,0.7,4,1,1.6,1.7,1.7,2024-02-12
"Taylor Hendricks","Utah Jazz","Rookie",13.7,100,5.1,0.6,2,0.9,0.5,0.4,0.6,4.4,0.7,2.6,1.1,1.1,2024-02-12
"Marcus Morris Sr.","San Antonio Spurs","Vet",12.8,97.5,5.1,0.7,1.7,0.3,0.2,0.3,0.4,4.2,0.6,2,0.4,1,2024-02-12
"Isaiah Stewart","Detroit Pistons","Vet",13.3,98.9,5,0.9,2.3,0.9,0.4,0.2,0.6,3.9,1,1.8,1.3,1.4,2024-02-12
"Malaki Branham","San Antonio Spurs","Sophomore",12.5,101.1,5,1.3,1.1,0.2,0.1,0.3,0.6,4.5,0.4,2,0.9,0.8,2024-02-12
"Jordan Hawkins","New Orleans Pelicans","Rookie",10.5,96.8,4.9,0.7,1,0.2,0.1,0.2,0.3,4,0.7,2.6,0.4,0.7,2024-02-12
"Sam Hauser","Boston Celtics","Vet",14.7,96.8,4.8,0.8,1.8,0.4,0.2,0.3,0.3,4.1,0.2,3.7,0.3,0.9,2024-02-12
"Miles McBride","New York Knicks","Vet",10.7,94.7,4.8,1,0.7,0.2,0.1,0.4,0.4,4.1,0.6,2.4,0.7,0.9,2024-02-12
"Eugene Omoruyi","Washington Wizards","Vet",9,101,4.6,0.8,1.3,0.9,0.1,0.4,0.6,3.8,1.2,1.1,1.7,1.4,2024-02-12
"Pat Connaughton","Milwaukee Bucks","Vet",17.3,100.3,4.6,1.5,2.3,0.6,0.2,0.4,0.5,3.2,0.3,2.4,0.6,1,2024-02-12
"A.J. Green","Milwaukee Bucks","Sophomore",10.1,96.4,4.6,0.7,1,0.2,0,0.2,0.2,3.8,0.3,3.3,0.2,0.9,2024-02-12
"Quentin Grimes","Detroit Pistons","Vet",10.7,97,4.5,0.7,1,0.2,0.1,0.3,0.3,3.7,0.5,2.8,0.8,0.8,2024-02-12
"Blake Wesley","San Antonio Spurs","Sophomore",14.5,99.7,4.5,2.9,1.2,0.3,0.2,0.6,0.9,3.6,0.9,0.9,1.6,1.6,2024-02-12
"Doug McDermott","Indiana Pacers","Vet",10.9,100.1,4.5,0.8,0.8,0.1,0.1,0.1,0.3,3.5,0.3,2.8,0.4,0.8,2024-02-12
"Day'Ron Sharpe","Brooklyn Nets","Vet",9.3,96.5,4.3,0.9,2.1,1.2,0.5,0.3,0.6,3.1,1.2,0.2,2.3,1.4,2024-02-12
"Vasilije Micic","Charlotte Hornets","Rookie",11.9,98.4,4.3,2.4,0.9,0.1,0.1,0.3,0.9,3.5,0.7,1.5,1,0.8,2024-02-12
"Jae'Sean Tate","Houston Rockets","Vet",14.8,99.2,4.2,1.1,1.9,0.9,0.2,0.5,0.5,3.2,0.6,1,1.2,2.1,2024-02-12
"Kyle Lowry","Charlotte Hornets","Vet",13.3,96,4.2,2.1,1.3,0.3,0.2,0.5,0.8,3.4,0.5,2.2,0.3,1.3,2024-02-12
"Mason Plumlee","Los Angeles Clippers","Vet",12,97.3,4.2,0.9,2.7,1.3,0.3,0.3,0.5,2.5,1.6,0.1,1.9,1.3,2024-02-12
"Gary Payton II","Golden State Warriors","Vet",11.5,99,4.1,0.8,1.4,0.8,0.3,0.6,0.4,3.4,0.5,1.3,1.3,1.3,2024-02-12
"Christian Wood","Los Angeles Lakers","Vet",9.1,99.3,4,0.6,2.1,0.5,0.4,0.2,0.5,3,1,1.2,0.9,0.8,2024-02-12
"Dean Wade","Cleveland Cavaliers","Vet",14.4,96.6,4,0.6,2.3,0.4,0.3,0.5,0.2,3.2,0.3,2.9,0.1,1.3,2024-02-12
"Drew Eubanks","Phoenix Suns","Vet",11.9,97.5,3.9,0.7,2.2,1,0.6,0.3,0.5,2.5,0.9,0.1,1.4,1.3,2024-02-12
"Cason Wallace","Oklahoma City Thunder","Rookie",11.4,97.9,3.8,0.7,0.9,0.3,0.2,0.4,0.2,3,0.3,2,0.6,0.9,2024-02-12
"Ochai Agbaji","Toronto Raptors","Sophomore",12.9,96.9,3.8,0.7,1.1,0.4,0.3,0.3,0.4,3.3,0.4,1.6,0.7,0.9,2024-02-12
"Trey Jemison","Memphis Grizzlies","Rookie",12.3,98,3.8,0.5,1.8,1.2,0.6,0.3,0.7,2.8,0.9,0.1,1.4,1.8,2024-02-12
"Tre Mann","Charlotte Hornets","Vet",8.9,97,3.7,1.7,1.1,0.2,0.1,0.3,0.6,3.1,0.3,1.5,0.7,0.6,2024-02-12
"Davion Mitchell","Sacramento Kings","Vet",11.7,97.4,3.7,1.5,0.8,0.2,0.1,0.3,0.4,3,0.4,1.6,0.7,0.9,2024-02-12
"Ashton Hagans","Portland Trail Blazers","Vet",12.6,94.4,3.6,1.7,1,0.2,0.1,0.4,0.8,3,0.6,1.4,1.1,1.2,2024-02-12
"Haywood Highsmith","Miami Heat","Vet",12.8,95.1,3.5,0.7,1.3,0.6,0.2,0.5,0.4,2.8,0.4,1.6,0.7,1.3,2024-02-12
"Gabe Vincent","Los Angeles Lakers","Vet",9.6,97.9,3.5,1.1,0.6,0.1,0.1,0.3,0.5,3,0.3,1.7,0.5,0.9,2024-02-12
"Jeenathan Williams","Houston Rockets","Sophomore",7.3,99.4,3.3,0.5,0.5,0.5,0.1,0.2,0.3,2.7,0.7,0.3,1.4,0.9,2024-02-12
"Josh Okogie","Phoenix Suns","Vet",10.3,98,3.1,0.7,1,0.8,0.3,0.5,0.3,2.1,1,1,0.8,0.9,2024-02-12
"Cam Reddish","Los Angeles Lakers","Vet",9.7,101.6,3.1,0.6,0.8,0.2,0.2,0.4,0.4,2.5,0.5,1.3,0.7,0.7,2024-02-12
"Julian Strawther","Denver Nuggets","Rookie",7.4,97.7,3.1,0.6,0.7,0.1,0.1,0.2,0.3,2.8,0.4,1.6,0.4,0.7,2024-02-12
"Justin Holiday","Denver Nuggets","Vet",12.3,97.8,3,0.8,0.9,0.2,0.2,0.4,0.3,2.6,0.1,1.9,0.3,1.1,2024-02-12
"Robert Williams III","Portland Trail Blazers","Vet",8.2,98.2,2.9,0.5,1.7,0.8,0.5,0.2,0.3,2.1,0.5,0.3,1.1,0.9,2024-02-12
"Kenrich Williams","Oklahoma City Thunder","Vet",9.7,97.6,2.9,0.7,1.3,0.5,0.1,0.4,0.2,2.4,0.2,1.4,0.7,0.9,2024-02-12
"Kris Murray","Portland Trail Blazers","Rookie",9.7,97,2.9,0.6,1,0.5,0.2,0.4,0.4,2.3,0.4,1.1,0.9,0.7,2024-02-12
"Joe Ingles","Orlando Magic","Vet",10.7,98,2.9,1.7,1.2,0.2,0.1,0.3,0.5,2.5,0.2,2,0.2,0.9,2024-02-12
"David Roddy","Phoenix Suns","Sophomore",7.5,98.2,2.9,0.6,1,0.3,0.1,0.2,0.4,2.7,0.5,1.1,0.9,0.5,2024-02-12
"Dwight Powell","Dallas Mavericks","Vet",11,98.6,2.7,1,1.5,1.2,0.3,0.3,0.4,1.6,1.1,0.1,1.3,1.6,2024-02-12
"Kevon Looney","Golden State Warriors","Vet",9,97.7,2.7,1,2.2,1.2,0.2,0.2,0.3,1.9,0.6,0.1,1.1,1.3,2024-02-12
"Jaylin Williams","Oklahoma City Thunder","Sophomore",8.8,97.5,2.7,0.8,1.8,0.4,0.2,0.3,0.3,2.2,0.4,1.4,0.5,1,2024-02-12
"Seth Curry","Charlotte Hornets","Vet",7.8,97.9,2.7,0.6,0.6,0.1,0.1,0.2,0.2,2.3,0.2,1.4,0.1,0.6,2024-02-12
"Kentavious Caldwell-Pope","Denver Nuggets","Vet",7.8,96.1,2.6,0.5,0.5,0.1,0.1,0.3,0.2,2,0.3,1.1,0.4,0.4,2024-02-12
"Delon Wright","Washington Wizards","Vet",8.3,98.4,2.6,1.3,0.8,0.3,0.1,0.5,0.3,2.3,0.5,0.8,0.6,0.5,2024-02-12
"Mike Muscala","Detroit Pistons","Vet",8.7,98.1,2.6,0.5,1.3,0.4,0.2,0.1,0.2,2.2,0.2,1.6,0.3,0.8,2024-02-12
"Jaxson Hayes","Los Angeles Lakers","Vet",7.4,99.7,2.6,0.4,1.1,0.6,0.3,0.2,0.3,1.6,0.7,0.1,1.1,1,2024-02-12
"Terquavion Smith","Philadelphia 76ers","Rookie",5,102.8,2.6,0.6,0.4,0.1,0,0.2,0.3,2.3,0.3,1.7,0.4,0.4,2024-02-12
"Reggie Bullock","Houston Rockets","Vet",9.8,98.9,2.6,0.5,1.2,0.1,0.1,0.2,0.2,2.3,0.1,1.9,0.1,0.6,2024-02-12
"Luka Samanic","Utah Jazz","Vet",5.7,101.9,2.6,0.3,1.1,0.3,0.1,0.1,0.3,2.1,0.6,0.8,0.7,0.6,2024-02-12
"Jarred Vanderbilt","Los Angeles Lakers","Vet",8.7,101.9,2.4,0.6,1.5,0.8,0.2,0.5,0.4,1.8,0.6,0.4,1.1,0.8,2024-02-12
"Jock Landale","Houston Rockets","Vet",6.8,100.2,2.4,0.5,1,0.8,0.2,0.1,0.4,1.9,0.6,0.4,0.9,0.8,2024-02-12
"Bismack Biyombo","Oklahoma City Thunder","Vet",10.6,97.1,2.4,0.8,2,1,0.6,0.2,0.5,1.9,0.6,0.1,0.9,1.3,2024-02-12
"Duane Washington Jr.","New York Knicks","Vet",4.1,98.7,2.3,0.6,0.4,0,0,0.1,0.2,2,0.3,0.9,0.4,0.3,2024-02-12
"Goga Bitadze","Orlando Magic","Vet",6.8,94.5,2.2,0.5,1.2,0.8,0.5,0.2,0.3,1.4,0.5,0.1,1,0.9,2024-02-12
"Monte Morris","Minnesota Timberwolves","Vet",5.3,98.2,2.2,0.8,0.6,0.1,0.1,0.1,0.2,2,0.2,0.8,0.3,0.3,2024-02-12
"Trendon Watford","Brooklyn Nets","Vet",4.5,97.3,2.2,0.5,0.7,0.3,0.1,0.1,0.3,1.7,0.4,0.4,0.6,0.6,2024-02-12
"Xavier Tillman","Boston Celtics","Vet",6.8,97.8,2.2,0.6,1,0.6,0.3,0.4,0.3,1.9,0.4,0.4,0.8,0.6,2024-02-12
"Mo Bamba","Philadelphia 76ers","Vet",5.9,97.1,2.2,0.4,1.2,0.6,0.5,0.1,0.3,1.7,0.4,0.6,0.8,0.8,2024-02-12
"Dalano Banton","Portland Trail Blazers","Vet",5.3,95.1,2.2,0.7,0.7,0.2,0.1,0.2,0.4,2,0.5,0.7,0.7,0.5,2024-02-12
"Kobe Bufkin","Atlanta Hawks","Rookie",6.2,99.8,2.2,0.5,0.7,0.2,0.1,0.2,0.2,2,0.3,1.3,0.4,0.5,2024-02-12
"Julian Phillips","Chicago Bulls","Rookie",7.2,97.9,2.2,0.3,0.7,0.3,0.2,0.2,0.2,1.7,0.4,0.9,0.6,0.9,2024-02-12
"Garrison Mathews","Atlanta Hawks","Vet",6.8,100.2,2.1,0.3,0.6,0.1,0.1,0.2,0.2,1.6,0.3,1.3,0.1,0.8,2024-02-12
"Jordan Nwora","Toronto Raptors","Vet",4.5,100.5,2.1,0.4,0.6,0.2,0.1,0.1,0.3,1.7,0.3,0.8,0.5,0.4,2024-02-12
"Luke Kornet","Boston Celtics","Vet",6.3,96.5,2,0.4,0.9,0.7,0.4,0.1,0.2,1.3,0.3,0.1,1,0.6,2024-02-12
"Dalen Terry","Chicago Bulls","Sophomore",6.3,95.7,2,0.7,0.8,0.2,0.1,0.2,0.3,1.6,0.4,0.9,0.5,0.7,2024-02-12
"Trayce Jackson-Davis","Golden State Warriors","Rookie",4.5,98.1,2,0.3,0.8,0.5,0.2,0.1,0.2,1.4,0.5,0.1,1,0.6,2024-02-12
"Ousmane Dieng","Oklahoma City Thunder","Sophomore",5.3,97.9,2,0.5,0.7,0.2,0.1,0.1,0.2,1.7,0.2,1,0.4,0.4,2024-02-12
"James Wiseman","Detroit Pistons","Vet",4.9,100,2,0.3,0.9,0.5,0.2,0.1,0.3,1.4,0.4,0.1,0.7,0.7,2024-02-12
"Sasha Vezenkov","Sacramento Kings","Rookie",4.4,99.9,1.9,0.2,0.6,0.3,0.1,0.1,0.1,1.6,0.2,1,0.4,0.4,2024-02-12
"Jontay Porter","Toronto Raptors","Vet",5.2,100,1.9,0.5,0.9,0.4,0.2,0.2,0.3,1.6,0.3,0.8,0.5,0.7,2024-02-12
"Omer Yurtseven","Utah Jazz","Vet",4.8,99.5,1.9,0.3,1.2,0.6,0.2,0.1,0.3,1.6,0.3,0.2,0.7,0.6,2024-02-12
"Bol Bol","Phoenix Suns","Vet",4.8,98.4,1.8,0.3,1,0.3,0.3,0.1,0.2,1.4,0.2,0.4,0.4,0.4,2024-02-12
"Stanley Umude","Detroit Pistons","Sophomore",4.7,99,1.8,0.3,0.6,0.2,0.1,0.1,0.2,1.4,0.4,0.7,0.3,0.6,2024-02-12
"Davis Bertans","Charlotte Hornets","Vet",3.7,98.3,1.6,0.3,0.4,0.1,0.1,0.1,0.1,1.2,0.2,1.1,0.1,0.4,2024-02-12
"Moses Moody","Golden State Warriors","Vet",3.3,98.6,1.6,0.2,0.4,0.1,0.1,0.1,0.1,1.2,0.3,0.6,0.2,0.3,2024-02-12
"Troy Brown Jr.","Detroit Pistons","Vet",4.1,99.2,1.5,0.4,0.6,0.1,0,0.1,0.1,1.2,0.1,0.9,0.2,0.3,2024-02-12
"Luka Garza","Minnesota Timberwolves","Vet",2.6,100.5,1.5,0.2,0.4,0.3,0,0.1,0.1,1.2,0.4,0.5,0.3,0.4,2024-02-12
"Matt Ryan","New Orleans Pelicans","Vet",3.7,99.9,1.5,0.2,0.3,0.1,0,0.1,0.1,1.2,0.2,0.8,0.1,0.3,2024-02-12
"Andre Jackson Jr.","Milwaukee Bucks","Rookie",5.8,99,1.5,0.4,0.7,0.4,0.1,0.2,0.2,1.1,0.2,0.4,0.3,0.9,2024-02-12
"DeAndre Jordan","Denver Nuggets","Vet",4.6,95.7,1.5,0.3,1.1,0.6,0.2,0.1,0.2,1.1,0.5,0,0.8,0.7,2024-02-12
"Duop Reath","Portland Trail Blazers","Rookie",3.1,97.1,1.4,0.2,0.5,0.2,0.1,0.1,0.1,1.1,0.2,0.6,0.4,0.4,2024-02-12
"Keon Ellis","Sacramento Kings","Sophomore",4,97.2,1.3,0.4,0.4,0.1,0.1,0.1,0.2,1,0.2,0.8,0.1,0.4,2024-02-12
"Caleb Houstan","Orlando Magic","Sophomore",3.5,94.4,1.2,0.2,0.3,0.1,0,0.1,0.1,1,0.1,1,0,0.3,2024-02-12
"Skylar Mays","Los Angeles Lakers","Vet",3.3,97.6,1.2,0.6,0.3,0.1,0,0.1,0.2,1.1,0.2,0.4,0.3,0.2,2024-02-12
"Taj Gibson","New York Knicks","Vet",5.9,96.5,1.2,0.3,0.8,0.4,0.2,0.2,0.2,1,0.1,0.3,0.3,0.9,2024-02-12
"Justise Winslow","Toronto Raptors","Vet",3.9,97.9,1.1,0.4,0.5,0.2,0.1,0.1,0.2,1,0.2,0.3,0.4,0.5,2024-02-12
"Bruno Fernando","Atlanta Hawks","Vet",2.6,99.3,1.1,0.1,0.6,0.3,0.2,0.1,0.1,0.8,0.4,0.1,0.5,0.4,2024-02-12
"Damion Lee","Phoenix Suns","Vet",3,98,1.1,0.2,0.3,0.1,0,0.1,0.1,0.9,0.1,0.5,0.1,0.2,2024-02-12
"Zeke Nnaji","Denver Nuggets","Vet",3,95.7,1.1,0.2,0.4,0.3,0.1,0.1,0.2,0.9,0.3,0.2,0.5,0.5,2024-02-12
"Jeremiah Robinson-Earl","New Orleans Pelicans","Vet",2.5,97.6,1,0.2,0.4,0.2,0,0.1,0.1,0.8,0.2,0.3,0.3,0.2,2024-02-12
"TyTy Washington Jr.","Milwaukee Bucks","Sophomore",2.8,97.8,1,0.3,0.3,0,0,0.1,0.1,1.1,0.1,0.5,0.1,0.2,2024-02-12
"Bryce McGowens","Charlotte Hornets","Sophomore",2.5,97.2,1,0.2,0.2,0.1,0,0.1,0.1,0.7,0.2,0.3,0.2,0.2,2024-02-12
"Shake Milton","Detroit Pistons","Vet",2.7,99.2,1,0.3,0.3,0.1,0,0.1,0.1,0.9,0.2,0.2,0.2,0.3,2024-02-12
"Alex Len","Sacramento Kings","Vet",2.7,98.6,0.9,0.3,0.5,0.3,0.1,0.1,0.2,0.6,0.2,0.1,0.3,0.4,2024-02-12
"Sandro Mamukelashvili","San Antonio Spurs","Vet",2,101.3,0.9,0.2,0.4,0.2,0.1,0.1,0.1,0.7,0.2,0.3,0.2,0.2,2024-02-12
"Damian Jones","Cleveland Cavaliers","Vet",2.6,93.6,0.9,0.2,0.4,0.2,0.1,0.1,0.1,0.6,0.2,0.2,0.3,0.3,2024-02-12
"Jalen McDaniels","Toronto Raptors","Vet",2.3,99,0.9,0.1,0.3,0.1,0,0.1,0.1,0.8,0.2,0.4,0.2,0.2,2024-02-12
"AJ Lawson","Dallas Mavericks","Sophomore",2,101.9,0.9,0.1,0.2,0.1,0,0.1,0.1,0.7,0.2,0.4,0.3,0.2,2024-02-12
"Thomas Bryant","Miami Heat","Vet",2,96.6,0.9,0.1,0.4,0.2,0.1,0,0.1,0.6,0.2,0.1,0.3,0.2,2024-02-12
"MarJon Beauchamp","Milwaukee Bucks","Sophomore",2.5,100,0.9,0.1,0.3,0.1,0,0.1,0.1,0.7,0.1,0.3,0.2,0.2,2024-02-12
"Jamal Cain","Miami Heat","Sophomore",1.9,96.8,0.8,0.1,0.2,0.1,0,0.1,0.1,0.6,0.2,0.2,0.2,0.2,2024-02-12
"Jaden Springer","Boston Celtics","Vet",2.1,97.9,0.8,0.2,0.2,0.1,0,0.1,0.1,0.6,0.1,0.2,0.2,0.2,2024-02-12
"Daniel Theis","Los Angeles Clippers","Vet",2.3,98,0.8,0.1,0.3,0.2,0.1,0.1,0.1,0.6,0.1,0.2,0.3,0.3,2024-02-12
"Brandon Williams","Dallas Mavericks","Vet",1.6,98.8,0.8,0.3,0.1,0,0,0.1,0.1,0.7,0.2,0.2,0.2,0.1,2024-02-12
"Ibou Badji","Portland Trail Blazers","Sophomore",3.9,96.5,0.8,0.2,0.6,0.4,0.3,0.1,0.2,0.6,0.2,0,0.3,0.7,2024-02-12
"Mouhamadou Gueye","Toronto Raptors",NA,2.1,98.3,0.8,0.1,0.3,0.1,0.1,0.1,0.1,0.6,0.2,0.3,0.2,0.2,2024-02-12
"Colby Jones","Sacramento Kings","Rookie",2,96.4,0.8,0.2,0.2,0.1,0,0.1,0.1,0.8,0.2,0.2,0.2,0.2,2024-02-12
"Keita Bates-Diop","Brooklyn Nets","Vet",2,98.1,0.7,0.1,0.3,0.1,0,0.1,0.1,0.5,0.1,0.2,0.2,0.1,2024-02-12
"Noah Clowney","Brooklyn Nets","Rookie",1.7,98.4,0.7,0.1,0.2,0.1,0,0,0.1,0.5,0.1,0.1,0.2,0.2,2024-02-12
"Daishen Nix","Minnesota Timberwolves","Vet",1.8,98.3,0.7,0.2,0.2,0,0,0.1,0.1,0.7,0.1,0.5,0.1,0.1,2024-02-12
"Olivier-Maxence Prosper","Dallas Mavericks","Rookie",1.9,100,0.7,0.1,0.3,0.2,0,0,0.1,0.5,0.2,0.2,0.2,0.2,2024-02-12
"Chris Boucher","Toronto Raptors","Vet",1.4,98.3,0.6,0.1,0.3,0.1,0.1,0,0,0.5,0.2,0.2,0.2,0.1,2024-02-12
"Oshae Brissett","Boston Celtics","Vet",1.7,98,0.6,0.1,0.3,0.1,0,0.1,0.1,0.5,0.2,0.2,0.2,0.2,2024-02-12
"Kevon Harris","Orlando Magic","Sophomore",1.8,99.5,0.6,0.1,0.2,0.1,0,0.1,0.1,0.5,0.1,0.2,0.1,0.2,2024-02-12
"Yuta Watanabe","Memphis Grizzlies","Vet",1.9,97.8,0.6,0.1,0.2,0.1,0,0.1,0.1,0.5,0.1,0.4,0.1,0.2,2024-02-12
"Dariq Whitehead","Brooklyn Nets","Rookie",1.6,98.8,0.6,0.1,0.2,0.1,0,0,0.1,0.5,0.1,0.2,0.1,0.1,2024-02-12
"Mason Jones","Sacramento Kings","Vet",1.5,99.1,0.6,0.2,0.2,0,0,0,0.1,0.4,0.2,0.2,0.1,0.1,2024-02-12
"Joshua Primo","Los Angeles Clippers","Vet",1.6,99,0.6,0.2,0.1,0,0,0,0.1,0.5,0.1,0.2,0.1,0.1,2024-02-12
"Thanasis Antetokounmpo","Milwaukee Bucks","Vet",2.1,96.1,0.6,0.2,0.2,0.2,0.1,0.1,0.1,0.5,0.1,0.1,0.3,0.3,2024-02-12
"Trevelin Queen","Orlando Magic","Vet",1.6,96.4,0.5,0.2,0.2,0.1,0,0.1,0.1,0.4,0.1,0.2,0.1,0.1,2024-02-12
"Patrick Baldwin Jr.","Washington Wizards","Sophomore",1.1,100.6,0.5,0.1,0.2,0,0,0,0.1,0.4,0.1,0.3,0.1,0.1,2024-02-12
"Alondes Williams","Miami Heat","Sophomore",1.4,97.9,0.5,0.1,0.1,0.1,0,0,0.1,0.4,0.1,0.2,0.1,0.1,2024-02-12
"Nathan Mensah","Charlotte Hornets","Rookie",2.2,96.7,0.5,0.1,0.3,0.2,0.1,0,0.1,0.4,0.1,0,0.1,0.4,2024-02-12
"Usman Garuba","Golden State Warriors","Vet",1.2,99,0.4,0.1,0.2,0.1,0,0,0.1,0.3,0.1,0.1,0.1,0.2,2024-02-12
"Chuma Okeke","Orlando Magic","Vet",1.4,94.1,0.4,0.1,0.2,0.1,0,0.1,0,0.4,0,0.3,0.1,0.1,2024-02-12
"Wendell Moore Jr.","Minnesota Timberwolves","Sophomore",1,100.5,0.4,0.1,0.1,0,0,0,0.1,0.3,0.1,0.1,0.1,0.1,2024-02-12
"Dru Smith","Miami Heat","Sophomore",1.2,97.2,0.4,0.2,0.1,0,0,0.1,0.1,0.3,0.1,0.2,0.1,0.1,2024-02-12
"Nah'Shon Hyland","Los Angeles Clippers","Vet",0.7,97.1,0.4,0.1,0.1,0,0,0,0.1,0.4,0.1,0.2,0.1,0.1,2024-02-12
"Anthony Black","Orlando Magic","Rookie",1.3,98,0.4,0.1,0.1,0,0,0,0.1,0.3,0.1,0.1,0.1,0.1,2024-02-12
"Orlando Robinson","Miami Heat","Sophomore",1.1,98,0.4,0.1,0.2,0.1,0,0,0.1,0.3,0.1,0.1,0.1,0.2,2024-02-12
"Ben Sheppard","Indiana Pacers","Rookie",1.4,100.7,0.4,0.1,0.1,0,0,0.1,0,0.4,0.1,0.2,0.1,0.1,2024-02-12
"Justin Minaya","Portland Trail Blazers","Sophomore",1.6,95.9,0.4,0.1,0.2,0.1,0,0,0.1,0.3,0.1,0.2,0.1,0.1,2024-02-12
"Lamar Stevens","Memphis Grizzlies","Vet",1,97.6,0.4,0.1,0.2,0.1,0,0,0,0.3,0.1,0.1,0.1,0.1,2024-02-12
"Josh Minott","Minnesota Timberwolves","Sophomore",0.7,100.4,0.3,0,0.1,0,0,0,0,0.3,0.1,0.1,0.1,0.1,2024-02-12
"Devonte' Graham","San Antonio Spurs","Vet",0.6,99.8,0.3,0.1,0.1,0,0,0,0,0.2,0.1,0.2,0,0,2024-02-12
"Jordan Ford","Sacramento Kings","Rookie",0.7,97.4,0.3,0.1,0.1,0,0,0,0,0.2,0,0.1,0.1,0,2024-02-12
"Moses Brown","Portland Trail Blazers","Vet",0.8,97.1,0.3,0,0.2,0.1,0,0,0,0.2,0.1,0,0.1,0.1,2024-02-12
"Cole Swider","Miami Heat","Sophomore",0.7,97.3,0.3,0,0.1,0,0,0,0,0.3,0.1,0.2,0.1,0.1,2024-02-12
"Jordan Miller","Los Angeles Clippers","Rookie",0.9,97.6,0.3,0.1,0.1,0.1,0,0,0,0.3,0.1,0.1,0.1,0.1,2024-02-12
"Xavier Moon","Los Angeles Clippers","Vet",0.8,97.6,0.3,0.1,0.1,0,0,0,0,0.3,0,0.1,0,0.1,2024-02-12
"Nick Smith Jr.","Charlotte Hornets","Rookie",0.8,96.3,0.3,0.1,0.1,0,0,0,0,0.3,0,0.2,0,0.1,2024-02-12
"Garrett Temple","Toronto Raptors","Vet",1.2,99.3,0.3,0.1,0.1,0,0,0,0,0.3,0,0.2,0.1,0.1,2024-02-12
"Keyontae Johnson","Oklahoma City Thunder","Rookie",0.9,96.8,0.3,0.1,0.1,0,0,0,0,0.2,0,0.1,0.1,0.1,2024-02-12
"Scotty Pippen Jr.","Memphis Grizzlies","Sophomore",0.4,98,0.2,0.1,0,0,0,0,0,0.1,0,0.1,0,0,2024-02-12
"Neemias Queta","Boston Celtics","Vet",0.4,95.7,0.2,0,0.1,0.1,0,0,0,0.1,0,0,0.1,0.1,2024-02-12
"Collin Gillespie","Denver Nuggets","Sophomore",0.4,97.2,0.2,0,0,0,0,0,0,0.1,0,0.1,0,0,2024-02-12
"Jay Huff","Denver Nuggets","Vet",0.6,97.2,0.2,0,0.1,0,0,0,0,0.2,0.1,0.1,0,0.1,2024-02-12
"Terry Taylor","Chicago Bulls","Vet",0.6,96.9,0.2,0,0.1,0.1,0,0,0,0.2,0,0,0.1,0.1,2024-02-12
"Jules Bernard","Washington Wizards","Rookie",0.5,100.3,0.2,0.1,0.1,0,0,0,0,0.2,0,0.1,0,0.1,2024-02-12
"Gui Santos","Golden State Warriors","Rookie",0.6,97.6,0.2,0,0.1,0,0,0,0,0.2,0.1,0.1,0.1,0.1,2024-02-12
"JaVale McGee","Sacramento Kings","Vet",0.3,99.6,0.2,0,0.1,0,0,0,0,0.1,0,0,0.1,0,2024-02-12
"James Johnson","Indiana Pacers","Vet",0.9,98.3,0.2,0.1,0.1,0,0,0,0,0.2,0,0.1,0.1,0.1,2024-02-12
"Johnny Davis","Washington Wizards","Sophomore",0.4,99.9,0.2,0,0,0,0,0,0,0.1,0,0,0,0,2024-02-12
"Isaiah Hartenstein","New York Knicks","Vet",0.4,96.5,0.1,0,0.1,0.1,0,0,0,0.1,0,0,0.1,0,2024-02-12
"Dylan Windler","Los Angeles Lakers","Vet",0.2,97.9,0.1,0,0,0,0,0,0,0.1,0,0,0,0,2024-02-12
"Malcolm Cazalon","Detroit Pistons","Rookie",0.3,98.3,0.1,0,0,0,0,0,0,0.1,0,0,0,0,2024-02-12
"P.J. Tucker","Los Angeles Clippers","Vet",0.8,97.3,0.1,0,0.1,0,0,0,0,0.1,0,0.1,0,0.1,2024-02-12
"Jermaine Samuels Jr.","Houston Rockets","Rookie",0.2,99.5,0.1,0,0,0,0,0,0,0.1,0,0,0,0,2024-02-12
"Henri Drell","Chicago Bulls",NA,0.3,98.2,0.1,0,0,0,0,0,0,0.1,0,0,0,0,2024-02-12
"Brandon Boston Jr.","Los Angeles Clippers","Vet",0.1,96.7,0.1,0,0,0,0,0,0,0,0,0,0,0,2024-02-12
"Joel Embiid","Philadelphia 76ers","Vet",0,99.7,0,0,0,0,0,0,0,0,0,0,0,0,2024-02-12
"OG Anunoby","New York Knicks","Vet",0,97.7,0,0,0,0,0,0,0,0,0,0,0,0,2024-02-12
"Fred VanVleet","Houston Rockets","Vet",0,98.3,0,0,0,0,0,0,0,0,0,0,0,0,2024-02-12
"Ja Morant","Memphis Grizzlies","Vet",0,98,0,0,0,0,0,0,0,0,0,0,0,0,2024-02-12
"Michael Porter Jr.","Denver Nuggets","Vet",0,96,0,0,0,0,0,0,0,0,0,0,0,0,2024-02-12
"Khris Middleton","Milwaukee Bucks","Vet",0,102.6,0,0,0,0,0,0,0,0,0,0,0,0,2024-02-12
"Desmond Bane","Memphis Grizzlies","Vet",0,98.9,0,0,0,0,0,0,0,0,0,0,0,0,2024-02-12
"Julius Randle","New York Knicks","Vet",0,97.6,0,0,0,0,0,0,0,0,0,0,0,0,2024-02-12
"Steven Adams","Houston Rockets","Vet",0,98.3,0,0,0,0,0,0,0,0,0,0,0,0,2024-02-12
"Mitchell Robinson","New York Knicks","Vet",0,96,0,0,0,0,0,0,0,0,0,0,0,0,2024-02-12
"Chris Paul","Golden State Warriors","Vet",0,97.5,0,0,0,0,0,0,0,0,0,0,0,0,2024-02-12
"LaMelo Ball","Charlotte Hornets","Vet",0,100.3,0,0,0,0,0,0,0,0,0,0,0,0,2024-02-12
"De'Anthony Melton","Philadelphia 76ers","Vet",0,98.7,0,0,0,0,0,0,0,0,0,0,0,0,2024-02-12
"Marcus Smart","Memphis Grizzlies","Vet",0,99.9,0,0,0,0,0,0,0,0,0,0,0,0,2024-02-12
"Otto Porter Jr.","Utah Jazz","Vet",0,98.6,0,0,0,0,0,0,0,0,0,0,0,0,2024-02-12
"Lonzo Ball","Chicago Bulls","Vet",0,98,0,0,0,0,0,0,0,0,0,0,0,0,2024-02-12
"Zion Williamson","New Orleans Pelicans","Vet",0,99.1,0,0,0,0,0,0,0,0,0,0,0,0,2024-02-12
"Brandon Clarke","Memphis Grizzlies","Vet",0,98.4,0,0,0,0,0,0,0,0,0,0,0,0,2024-02-12
"Dante Exum","Dallas Mavericks","Vet",0,99.7,0,0,0,0,0,0,0,0,0,0,0,0,2024-02-12
"Alperen Sengun","Houston Rockets","Vet",0,98.2,0,0,0,0,0,0,0,0,0,0,0,0,2024-02-12
"Robert Covington","Philadelphia 76ers","Vet",0,96.6,0,0,0,0,0,0,0,0,0,0,0,0,2024-02-12
"Zach LaVine","Chicago Bulls","Vet",0,96.6,0,0,0,0,0,0,0,0,0,0,0,0,2024-02-12
"Clint Capela","Atlanta Hawks","Vet",0,101.8,0,0,0,0,0,0,0,0,0,0,0,0,2024-02-12
"Jared Butler","Washington Wizards","Vet",0,98.7,0,0,0,0,0,0,0,0,0,0,0,0,2024-02-12
"Charles Bassey","San Antonio Spurs","Vet",0,99.7,0,0,0,0,0,0,0,0,0,0,0,0,2024-02-12
"Jordan McLaughlin","Minnesota Timberwolves","Vet",0,99.5,0,0,0,0,0,0,0,0,0,0,0,0,2024-02-12
"Dyson Daniels","New Orleans Pelicans","Sophomore",0,96.7,0,0,0,0,0,0,0,0,0,0,0,0,2024-02-12
"Lindy Waters III","Oklahoma City Thunder","Vet",0,96.5,0,0,0,0,0,0,0,0,0,0,0,0,2024-02-12
"Jalen Smith","Indiana Pacers","Vet",0,100.1,0,0,0,0,0,0,0,0,0,0,0,0,2024-02-12
"Nicolas Batum","Philadelphia 76ers","Vet",0,98.2,0,0,0,0,0,0,0,0,0,0,0,0,2024-02-12
"Dereck Lively II","Dallas Mavericks","Rookie",0,100.4,0,0,0,0,0,0,0,0,0,0,0,0,2024-02-12
"Tari Eason","Houston Rockets","Sophomore",0,97.7,0,0,0,0,0,0,0,0,0,0,0,0,2024-02-12
"Mark Williams","Charlotte Hornets","Sophomore",0,97.7,0,0,0,0,0,0,0,0,0,0,0,0,2024-02-12
"Richaun Holmes","Washington Wizards","Vet",0.1,98.2,0,0,0,0,0,0,0,0,0,0,0,0,2024-02-12
"JD Davison","Boston Celtics","Sophomore",0.1,98.6,0,0,0,0,0,0,0,0,0,0,0,0,2024-02-12
"Saben Lee","Phoenix Suns","Vet",0,97.9,0,0,0,0,0,0,0,0,0,0,0,0,2024-02-12
"Tristan Thompson","Cleveland Cavaliers","Vet",0,95.5,0,0,0,0,0,0,0,0,0,0,0,0,2024-02-12
"Patrick Williams","Chicago Bulls","Vet",0,96.3,0,0,0,0,0,0,0,0,0,0,0,0,2024-02-12
"Moussa Diabate","Los Angeles Clippers","Sophomore",0,97,0,0,0,0,0,0,0,0,0,0,0,0,2024-02-12
"Jevon Carter","Chicago Bulls","Vet",0,95.9,0,0,0,0,0,0,0,0,0,0,0,0,2024-02-12
"Nate Hinton","Houston Rockets","Vet",0.1,99.8,0,0,0,0,0,0,0,0,0,0,0,0,2024-02-12
"Anfernee Simons","Portland Trail Blazers","Vet",0,96.4,0,0,0,0,0,0,0,0,0,0,0,0,2024-02-12
"Isaiah Mobley","Cleveland Cavaliers","Sophomore",0,97.3,0,0,0,0,0,0,0,0,0,0,0,0,2024-02-12
"Cam Whitmore","Houston Rockets","Rookie",0,101.5,0,0,0,0,0,0,0,0,0,0,0,0,2024-02-12
"Cody Zeller","New Orleans Pelicans","Vet",0,100.1,0,0,0,0,0,0,0,0,0,0,0,0,2024-02-12
"Craig Porter","Cleveland Cavaliers","Rookie",0,95.4,0,0,0,0,0,0,0,0,0,0,0,0,2024-02-12
"Markquis Nowell","Toronto Raptors","Rookie",0,98.1,0,0,0,0,0,0,0,0,0,0,0,0,2024-02-12
"E.J. Liddell","New Orleans Pelicans","Sophomore",0,97.6,0,0,0,0,0,0,0,0,0,0,0,0,2024-02-12
"Dominick Barlow","San Antonio Spurs","Sophomore",0,97.4,0,0,0,0,0,0,0,0,0,0,0,0,2024-02-12
"Kendall Brown","Indiana Pacers","Sophomore",0,98.9,0,0,0,0,0,0,0,0,0,0,0,0,2024-02-12
"Jake LaRavia","Memphis Grizzlies","Sophomore",0,97.2,0,0,0,0,0,0,0,0,0,0,0,0,2024-02-12
"Boban Marjanovic","Houston Rockets","Vet",0,99.1,0,0,0,0,0,0,0,0,0,0,0,0,2024-02-12
"Kessler Edwards","Sacramento Kings","Vet",0,97.2,0,0,0,0,0,0,0,0,0,0,0,0,2024-02-12
"Amari Bailey","Charlotte Hornets","Rookie",0,97.8,0,0,0,0,0,0,0,0,0,0,0,0,2024-02-12
"Vlatko Cancar","Denver Nuggets","Vet",0,97.3,0,0,0,0,0,0,0,0,0,0,0,0,2024-02-12
"Leonard Miller","Minnesota Timberwolves","Rookie",0,99.8,0,0,0,0,0,0,0,0,0,0,0,0,2024-02-12
"Vit Krejci","Atlanta Hawks","Vet",0,98.5,0,0,0,0,0,0,0,0,0,0,0,0,2024-02-12
"Theo Maledon","Phoenix Suns","Vet",0.1,99.1,0,0,0,0,0,0,0,0,0,0,0,0,2024-02-12
"Onuralp Bitim","Chicago Bulls","Rookie",0,98.4,0,0,0,0,0,0,0,0,0,0,0,0,2024-02-12
"Svi Mykhailiuk","Boston Celtics","Vet",0.1,96.5,0,0,0,0,0,0,0,0,0,0,0,0,2024-02-12
"Jett Howard","Orlando Magic","Rookie",0,99.1,0,0,0,0,0,0,0,0,0,0,0,0,2024-02-12
"Kobe Brown","Los Angeles Clippers","Rookie",0,96.3,0,0,0,0,0,0,0,0,0,0,0,0,2024-02-12
"Anthony Gill","Washington Wizards","Vet",0,100.4,0,0,0,0,0,0,0,0,0,0,0,0,2024-02-12
"Mamadi Diakite","San Antonio Spurs","Vet",0,97.4,0,0,0,0,0,0,0,0,0,0,0,0,2024-02-12
"Jordan Walsh","Boston Celtics","Rookie",0,96.9,0,0,0,0,0,0,0,0,0,0,0,0,2024-02-12
"Greg Brown III","Dallas Mavericks","Vet",0,100.2,0,0,0,0,0,0,0,0,0,0,0,0,2024-02-12
"Evan Fournier","Detroit Pistons","Vet",0,97.9,0,0,0,0,0,0,0,0,0,0,0,0,2024-02-12
"Jalen Pickett","Denver Nuggets","Rookie",0,96.6,0,0,0,0,0,0,0,0,0,0,0,0,2024-02-12
"David Duke Jr.","San Antonio Spurs","Vet",0,97.9,0,0,0,0,0,0,0,0,0,0,0,0,2024-02-12
"Jason Preston","Utah Jazz","Vet",0,98.4,0,0,0,0,0,0,0,0,0,0,0,0,2024-02-12
"Rayan Rupert","Portland Trail Blazers","Rookie",0,97.3,0,0,0,0,0,0,0,0,0,0,0,0,2024-02-12
"Braxton Key","Denver Nuggets","Vet",0,97.9,0,0,0,0,0,0,0,0,0,0,0,0,2024-02-12
"Udoka Azubuike","Phoenix Suns","Vet",0,98.7,0,0,0,0,0,0,0,0,0,0,0,0,2024-02-12
"Jaylen Clark","Minnesota Timberwolves",NA,0,98,0,0,0,0,0,0,0,0,0,0,0,0,2024-02-12
"Jared Rhoden","Detroit Pistons","Sophomore",0,99.2,0,0,0,0,0,0,0,0,0,0,0,0,2024-02-12
"Ty Jerome","Cleveland Cavaliers","Vet",0,97.7,0,0,0,0,0,0,0,0,0,0,0,0,2024-02-12
"Zhaire Smith","Cleveland Cavaliers",NA,0,98.1,0,0,0,0,0,0,0,0,0,0,0,0,2024-02-12
"Oscar Tshiebwe","Indiana Pacers","Rookie",0,98.9,0,0,0,0,0,0,0,0,0,0,0,0,2024-02-12
"Isaiah Livers","Washington Wizards","Vet",0,99.5,0,0,0,0,0,0,0,0,0,0,0,0,2024-02-12
"Jalen Slawson","Sacramento Kings","Rookie",0,97.9,0,0,0,0,0,0,0,0,0,0,0,0,2024-02-12
"Brice Sensabaugh","Utah Jazz","Rookie",0,99.1,0,0,0,0,0,0,0,0,0,0,0,0,2024-02-12
"Adama Sanogo","Chicago Bulls","Rookie",0,98.4,0,0,0,0,0,0,0,0,0,0,0,0,2024-02-12
"Admiral Schofield","Orlando Magic","Vet",0,97.9,0,0,0,0,0,0,0,0,0,0,0,0,2024-02-12
"Jericho Sims","New York Knicks","Vet",0,94.8,0,0,0,0,0,0,0,0,0,0,0,0,2024-02-12
"Jarace Walker","Indiana Pacers","Rookie",0,101.8,0,0,0,0,0,0,0,0,0,0,0,0,2024-02-12
"Isaiah Wong","Indiana Pacers","Rookie",0,98,0,0,0,0,0,0,0,0,0,0,0,0,2024-02-12
"Leaky Black","Charlotte Hornets","Rookie",0,96.2,0,0,0,0,0,0,0,0,0,0,0,0,2024-02-12
"Keon Johnson","Brooklyn Nets","Vet",0,97.4,0,0,0,0,0,0,0,0,0,0,0,0,2024-02-12
"Jacob Toppin","New York Knicks","Rookie",0,96.8,0,0,0,0,0,0,0,0,0,0,0,0,2024-02-12
"Jerome Robinson","Golden State Warriors","Vet",0,97.7,0,0,0,0,0,0,0,0,0,0,0,0,2024-02-12
"Chris Livingston","Milwaukee Bucks","Rookie",0,98.8,0,0,0,0,0,0,0,0,0,0,0,0,2024-02-12
"Kenneth Lofton Jr.","Philadelphia 76ers","Sophomore",0,100.1,0,0,0,0,0,0,0,0,0,0,0,0,2024-02-12
"Dereon Seabron","New Orleans Pelicans","Sophomore",0,99.1,0,0,0,0,0,0,0,0,0,0,0,0,2024-02-12
"Chris Duarte","Sacramento Kings","Vet",0,97.1,0,0,0,0,0,0,0,0,0,0,0,0,2024-02-12
"Nikola Jovic","Miami Heat","Sophomore",0,96.2,0,0,0,0,0,0,0,0,0,0,0,0,2024-02-12
"Malachi Flynn","Detroit Pistons","Vet",0,98.2,0,0,0,0,0,0,0,0,0,0,0,0,2024-02-12
"AJ Griffin","Atlanta Hawks","Sophomore",0,99.8,0,0,0,0,0,0,0,0,0,0,0,0,2024-02-12
"Kira Lewis Jr.","Utah Jazz","Vet",0,98.7,0,0,0,0,0,0,0,0,0,0,0,0,2024-02-12
"Micah Potter","Utah Jazz","Vet",0,97.2,0,0,0,0,0,0,0,0,0,0,0,0,2024-02-12
"Sidy Cissoko","San Antonio Spurs","Rookie",0,99.7,0,0,0,0,0,0,0,0,0,0,0,0,2024-02-12
"Mouhamed Gueye","Atlanta Hawks","Rookie",0,98.1,0,0,0,0,0,0,0,0,0,0,0,0,2024-02-12
"Colin Castleton","Los Angeles Lakers","Rookie",0,98.3,0,0,0,0,0,0,0,0,0,0,0,0,2024-02-12
"Ziaire Williams","Memphis Grizzlies","Vet",0,98.6,0,0,0,0,0,0,0,0,0,0,0,0,2024-02-12
"Charles Brown Jr.","New York Knicks","Vet",0,95.9,0,0,0,0,0,0,0,0,0,0,0,0,2024-02-12
"Drew Peterson","Boston Celtics","Rookie",0,97.9,0,0,0,0,0,0,0,0,0,0,0,0,2024-02-12
"Emoni Bates","Cleveland Cavaliers","Rookie",0,97.9,0,0,0,0,0,0,0,0,0,0,0,0,2024-02-12
"Aleksej Pokusevski","Oklahoma City Thunder","Vet",0,99.2,0,0,0,0,0,0,0,0,0,0,0,0,2024-02-12
"Hunter Tyson","Denver Nuggets","Rookie",0,97.1,0,0,0,0,0,0,0,0,0,0,0,0,2024-02-12
"Seth Lundy","Atlanta Hawks","Rookie",0,97.3,0,0,0,0,0,0,0,0,0,0,0,0,2024-02-12
"Patty Mills","Atlanta Hawks","Vet",0,99.8,0,0,0,0,0,0,0,0,0,0,0,0,2024-02-12
"Olivier Sarr","Oklahoma City Thunder","Vet",0,96.9,0,0,0,0,0,0,0,0,0,0,0,0,2024-02-12
"Max Christie","Los Angeles Lakers","Sophomore",0,102.1,0,0,0,0,0,0,0,0,0,0,0,0,2024-02-12
"Nassir Little","Phoenix Suns","Vet",0,97.8,0,0,0,0,0,0,0,0,0,0,0,0,2024-02-12
"Trent Forrest","Atlanta Hawks","Vet",0,96,0,0,0,0,0,0,0,0,0,0,0,0,2024-02-12
"Maxwell Lewis","Los Angeles Lakers","Rookie",0,98.7,0,0,0,0,0,0,0,0,0,0,0,0,2024-02-12
"Javon Freeman-Liberty","Toronto Raptors","Rookie",0,97.8,0,0,0,0,0,0,0,0,0,0,0,0,2024-02-12
"Derrick Rose","Memphis Grizzlies","Vet",0,98.6,0,0,0,0,0,0,0,0,0,0,0,0,2024-02-12
"Jalen Hood-Schifino","Los Angeles Lakers","Rookie",0,98,0,0,0,0,0,0,0,0,0,0,0,0,2024-02-12
"Johnny Juzang","Utah Jazz","Sophomore",0,98.5,0,0,0,0,0,0,0,0,0,0,0,0,2024-02-12
"JT Thor","Charlotte Hornets","Vet",0,96.9,0,0,0,0,0,0,0,0,0,0,0,0,2024-02-12
"Wesley Matthews","Atlanta Hawks","Vet",0,99.7,0,0,0,0,0,0,0,0,0,0,0,0,2024-02-12
"Markieff Morris","Dallas Mavericks","Vet",0,98.7,0,0,0,0,0,0,0,0,0,0,0,0,2024-02-12
